"candidateKey","stage","geometryKey","a","c","system","budget","parameters","parameterKey","norm","numeratorRy","analyticKineticRy","correctionRy","roughCorrectionErrorRy","singleParticleRy","totalRy","elapsedSeconds","workerKernel","status","source","started","completed"
"5.|0.5::X::2000000::0.7509392140222256","X-initial-grid","5.|0.5",5,0.5,"X",2000000,"{0.7509392140222256}","0.7509392140222256",0.2509712631304279,-0.9867988408914709,0.6478695922929253,-3.284050056924598,0.006439706911895424,48.24378805106118,44.95973799413658,522.0880344,19,"complete","parallel-pattern-search-remaining","2026-08-01T13:10:38","2026-08-01T13:19:21"
"5.|1.5::X::2000000::0.5639009538682851","X-initial-grid","5.|1.5",5,1.5,"X",2000000,"{0.5639009538682851}","0.5639009538682851",0.17357177358858883,-0.39579718058947866,0.36532861276651435,-1.9149798291327027,0.004166598935594271,6.002081497784447,4.087101668651744,522.8014648000001,24,"complete","parallel-pattern-search-remaining","2026-08-01T13:10:38","2026-08-01T13:19:21"
"5.|1.5::X::2000000::0.6556987835677733","X-initial-grid","5.|1.5",5,1.5,"X",2000000,"{0.6556987835677733}","0.6556987835677733",0.13972624827930427,-0.33747041289985164,0.4939543168827938,-1.9212712907300924,0.004833810284988167,6.002081497784447,4.080810207054355,522.8023714000001,26,"complete","parallel-pattern-search-remaining","2026-08-01T13:10:38","2026-08-01T13:19:21"
"5.|0.5::X::2000000::0.8709392140222256","X-initial-grid","5.|0.5",5,0.5,"X",2000000,"{0.8709392140222256}","0.8709392140222256",0.2106910075632928,-0.8737361379625871,0.871472564905987,-3.2755299487162977,0.0073853399509947034,48.24378805106118,44.96825810234488,524.8901374,21,"complete","parallel-pattern-search-remaining","2026-08-01T13:10:38","2026-08-01T13:19:23"
"5.|0.5::X::2000000::0.8109392140222256","X-initial-grid","5.|0.5",5,0.5,"X",2000000,"{0.8109392140222256}","0.8109392140222256",0.22966819865866994,-0.927281028924366,0.755535078599456,-3.281946097897599,0.006930974982324552,48.24378805106118,44.961841953163585,525.5008805,20,"complete","parallel-pattern-search-remaining","2026-08-01T13:10:38","2026-08-01T13:19:24"
"5.|0.5::X::2000000::0.9309392140222257","X-initial-grid","5.|0.5",5,0.5,"X",2000000,"{0.9309392140222257}","0.9309392140222257",0.19377482472144603,-0.8264552383653535,0.995682051212518,-3.2693469047078096,0.007901369326014304,48.24378805106118,44.97444114635337,525.5653555,22,"complete","parallel-pattern-search-remaining","2026-08-01T13:10:38","2026-08-01T13:19:24"
"5.|0.5::X::2000000::0.9909392140222256","X-initial-grid","5.|0.5",5,0.5,"X",2000000,"{0.9909392140222256}","0.9909392140222256",0.1785716650265634,-0.7810117695580702,1.1281635375190486,-3.2454965806295437,0.00839709058093387,48.24378805106118,44.99829147043164,525.6734584,23,"complete","parallel-pattern-search-remaining","2026-08-01T13:10:38","2026-08-01T13:19:24"
"5.|1.5::X::2000000::0.6097998687180292","X-initial-grid","5.|1.5",5,1.5,"X",2000000,"{0.6097998687180292}","0.6097998687180292",0.1554486936214968,-0.3652958622737349,0.42722108867192826,-1.9227237951570508,0.004487055557428794,6.002081497784447,4.079357702627396,528.3534081,25,"complete","parallel-pattern-search-remaining","2026-08-01T13:10:38","2026-08-01T13:19:27"
"5.|1.5::X::2000000::0.7015976984175175","X-initial-grid","5.|1.5",5,1.5,"X",2000000,"{0.7015976984175175}","0.7015976984175175",0.12599093273470113,-0.3135353859144604,0.5655282973991107,-1.9230268637462653,0.005236076299994028,6.002081497784447,4.079054634038181,551.5414711999999,19,"complete","parallel-pattern-search-remaining","2026-08-01T13:19:21","2026-08-01T13:28:32"
"5.|1.5::X::2000000::0.7474966132672616","X-initial-grid","5.|1.5",5,1.5,"X",2000000,"{0.7474966132672616}","0.7474966132672616",0.11394162316165253,-0.29122568916160296,0.6419430302208787,-1.913977107483602,0.005596522756134503,6.002081497784447,4.088104390300845,551.1823121,24,"complete","parallel-pattern-search-remaining","2026-08-01T13:19:21","2026-08-01T13:28:33"
"5.|2.::X::2000000::0.5202290788682852","X-initial-grid","5.|2.",5,2,"X",2000000,"{0.5202290788682852}","0.5202290788682852",0.15545218820861206,-0.3055850399309851,0.3109333294590549,-1.654848197661679,0.0037112873392360804,3.556637887159965,1.901789689498286,551.4926248,26,"complete","parallel-pattern-search-remaining","2026-08-01T13:19:21","2026-08-01T13:28:33"
"5.|2.::X::2000000::0.5625733062180293","X-initial-grid","5.|2.",5,2,"X",2000000,"{0.5625733062180293}","0.5625733062180293",0.1384202894232742,-0.2805218460492572,0.3636103794607038,-1.6629844732017687,0.004021357598995682,3.556637887159965,1.8936534139581962,553.8899986,21,"complete","parallel-pattern-search-remaining","2026-08-01T13:19:23","2026-08-01T13:28:37"
"5.|2.::X::2000000::0.6049175335677734","X-initial-grid","5.|2.",5,2,"X",2000000,"{0.6049175335677734}","0.6049175335677734",0.12368830746530651,-0.25825418285652624,0.4204074221999119,-1.6675359586161305,0.0043421408950776366,3.556637887159965,1.8891019285438344,554.2340537,20,"complete","parallel-pattern-search-remaining","2026-08-01T13:19:24","2026-08-01T13:28:38"
"5.|2.::X::2000000::0.6896059882672617","X-initial-grid","5.|2.",5,2,"X",2000000,"{0.6896059882672617}","0.6896059882672617",0.09982589683662163,-0.22036936815704375,0.5463614858910055,-1.6611755875570553,0.005003026248311345,3.556637887159965,1.8954622996029096,554.3681596,23,"complete","parallel-pattern-search-remaining","2026-08-01T13:19:24","2026-08-01T13:28:39"
"5.|2.::X::2000000::0.6472617609175176","X-initial-grid","5.|2.",5,2,"X",2000000,"{0.6472617609175176}","0.6472617609175176",0.11093828936413082,-0.23797837151389328,0.4813244576766792,-1.663817430466025,0.004660406203284009,3.556637887159965,1.89282045669394,555.576848,22,"complete","parallel-pattern-search-remaining","2026-08-01T13:19:24","2026-08-01T13:28:40"
"3.|1.::X::2000000::0.607236891368285","X-initial-grid","3.|1.",3,1,"X",2000000,"{0.607236891368285}","0.607236891368285",0.2765206450110019,-0.8654158414617543,0.4236374311941459,-2.7060234352750547,0.004527565724423671,13.745306096223288,11.039282660948233,555.2905536999999,25,"complete","parallel-pattern-search-remaining","2026-08-01T13:19:27","2026-08-01T13:28:42"
"3.|1.::X::2000000::0.6566631499680291","X-initial-grid","3.|1.",3,1,"X",2000000,"{0.6566631499680291}","0.6566631499680291",0.25348726069887706,-0.8119739970874816,0.4954083480797956,-2.7078058680856585,0.004844228632579597,13.745306096223288,11.03750022813763,566.43899,19,"complete","parallel-pattern-search-remaining","2026-08-01T13:28:32","2026-08-01T13:37:59"
"3.|1.::X::2000000::0.7060894085677732","X-initial-grid","3.|1.",3,1,"X",2000000,"{0.7060894085677732}","0.7060894085677732",0.23286548248378441,-0.7644214777778886,0.5727926327665576,-2.7098814227629866,0.005191791828027179,13.745306096223288,11.035424673460302,566.2444006,24,"complete","parallel-pattern-search-remaining","2026-08-01T13:28:33","2026-08-01T13:37:59"
"3.|1.::X::2000000::0.7555156671675174","X-initial-grid","3.|1.",3,1,"X",2000000,"{0.7555156671675174}","0.7555156671675174",0.21435985714383085,-0.7198182450874324,0.6557902852544318,-2.7021996606170564,0.005491909699692887,13.745306096223288,11.043106435606232,568.3459487,26,"complete","parallel-pattern-search-remaining","2026-08-01T13:28:33","2026-08-01T13:38:01"
"3.|1.::X::2000000::0.8049419257672615","X-initial-grid","3.|1.",3,1,"X",2000000,"{0.8049419257672615}","0.8049419257672615",0.1977194620057519,-0.6794830705626347,0.7444013055434182,-2.6922005528152075,0.005867114048783243,13.745306096223288,11.05310554340808,567.6085521,21,"complete","parallel-pattern-search-remaining","2026-08-01T13:28:37","2026-08-01T13:38:05"
"7.|1.::X::2000000::0.655611891368285","X-initial-grid","7.|1.",7,1,"X",2000000,"{0.655611891368285}","0.655611891368285",0.15333909661165646,-0.40674350538576526,0.49382340941668773,-2.158751924425769,0.005347621817458934,12.370319089318805,10.211567164893037,567.3028733,20,"complete","parallel-pattern-search-remaining","2026-08-01T13:28:38","2026-08-01T13:38:06"
"7.|1.::X::2000000::0.7089756499680291","X-initial-grid","7.|1.",7,1,"X",2000000,"{0.7089756499680291}","0.7089756499680291",0.13689925839978706,-0.37539312490887683,0.5774849470044525,-2.164627240430602,0.005797941145548997,12.370319089318805,10.205691848888204,568.5337853000001,23,"complete","parallel-pattern-search-remaining","2026-08-01T13:28:39","2026-08-01T13:38:07"
"7.|1.::X::2000000::0.7623394085677733","X-initial-grid","7.|1.",7,1,"X",2000000,"{0.7623394085677733}","0.7623394085677733",0.1226860361579315,-0.3474908191617067,0.6676898450739422,-2.164668506730562,0.006276453207963982,12.370319089318805,10.205650582588243,569.2697659,22,"complete","parallel-pattern-search-remaining","2026-08-01T13:28:40","2026-08-01T13:38:09"
"7.|1.::X::2000000::0.8157031671675175","X-initial-grid","7.|1.",7,1,"X",2000000,"{0.8157031671675175}","0.8157031671675175",0.11041545362973536,-0.32212535454622204,0.7644381036251566,-2.1529556483982675,0.006742391957651562,12.370319089318805,10.217363440920538,570.4223172,25,"complete","parallel-pattern-search-remaining","2026-08-01T13:28:42","2026-08-01T13:38:13"
"10.|1.::X::2000000::0.652924391368285","X-initial-grid","10.|1.",10,1,"X",2000000,"{0.652924391368285}","0.652924391368285",0.12037400852553158,-0.29751858233808326,0.48978312190258805,-1.9818350121315453,0.005624527684822222,12.060947012765295,10.07911200063375,467.32391,24,"complete","parallel-pattern-search-remaining","2026-08-01T13:37:59","2026-08-01T13:45:46"
"7.|1.::X::2000000::0.8690669257672615","X-initial-grid","7.|1.",7,1,"X",2000000,"{0.8690669257672615}","0.8690669257672615",0.09967982321045839,-0.2997452568327763,0.8677297226580954,-2.1393508196088287,0.007223007167335142,12.370319089318805,10.230968269709976,469.4980286,19,"complete","parallel-pattern-search-remaining","2026-08-01T13:37:59","2026-08-01T13:45:48"
"10.|1.::X::2000000::0.7060693999680291","X-initial-grid","10.|1.",10,1,"X",2000000,"{0.7060693999680291}","0.7060693999680291",0.10654814699031528,-0.27313667736487535,0.5727601705429265,-1.9907445461529174,0.006165519113785609,12.060947012765295,10.070202466612377,467.4595724,26,"complete","parallel-pattern-search-remaining","2026-08-01T13:38:01","2026-08-01T13:45:49"
"10.|1.::X::2000000::0.8123594171675174","X-initial-grid","10.|1.",10,1,"X",2000000,"{0.8123594171675174}","0.8123594171675174",0.08467326461222774,-0.2327892413780055,0.7581837429235709,-1.991081239879374,0.0072434530458155766,12.060947012765295,10.06986577288592,466.2156601,20,"complete","parallel-pattern-search-remaining","2026-08-01T13:38:06","2026-08-01T13:45:52"
"10.|1.::X::2000000::0.7592144085677732","X-initial-grid","10.|1.",10,1,"X",2000000,"{0.7592144085677732}","0.7592144085677732",0.09476976759722358,-0.25201959828144804,0.6622270442165875,-1.9970556011998748,0.006660684939007259,12.060947012765295,10.06389141156542,466.9965667,21,"complete","parallel-pattern-search-remaining","2026-08-01T13:38:05","2026-08-01T13:45:52"
"10.|1.::X::2000000::0.8655044257672615","X-initial-grid","10.|1.",10,1,"X",2000000,"{0.8655044257672615}","0.8655044257672615",0.07591517583021953,-0.21514831575149296,0.8606302666638771,-1.9734317426590193,0.007745556412302798,12.060947012765295,10.087515270106277,465.65890709999996,23,"complete","parallel-pattern-search-remaining","2026-08-01T13:38:07","2026-08-01T13:45:53"
"5.|0.5::X::2000000::0.7209392140222256","X-half-step-refinement","5.|0.5",5,0.5,"X",2000000,"{0.7209392140222256}","0.7209392140222256",0.26260023979235925,-1.017137571763448,0.5971388491396598,-3.2761918552333045,0.006199092301444622,48.24378805106118,44.96759619582787,541.9697982,19,"complete","parallel-pattern-search-remaining","2026-08-01T13:45:53","2026-08-01T13:54:55"
"5.|2.::X::2000000::0.6260896472426455","X-half-step-refinement","5.|2.",5,2,"X",2000000,"{0.6260896472426455}","0.6260896472426455",0.11705949765467877,-0.24798051390612696,0.4503509408461006,-1.6680633602101056,0.004509559318557322,3.556637887159965,1.8885745269498593,543.5495936,24,"complete","parallel-pattern-search-remaining","2026-08-01T13:45:53","2026-08-01T13:54:57"
"3.|1.::X::2000000::0.7308025378676453","X-half-step-refinement","3.|1.",3,1,"X",2000000,"{0.7308025378676453}","0.7308025378676453",0.22337111256484643,-0.7417962739208167,0.6135897880353556,-2.7073242970635727,0.0053487043680714,13.745306096223288,11.037981799159716,544.3118818,26,"complete","parallel-pattern-search-remaining","2026-08-01T13:45:53","2026-08-01T13:54:58"
"5.|0.5::X::2000000::0.7809392140222257","X-half-step-refinement","5.|0.5",5,0.5,"X",2000000,"{0.7809392140222257}","0.7809392140222257",0.2400070116406179,-0.9567106826213968,0.7006683354461908,-3.285509718609821,0.006640775834309401,48.24378805106118,44.95827833245136,544.6911167000001,20,"complete","parallel-pattern-search-remaining","2026-08-01T13:45:53","2026-08-01T13:54:58"
"5.|1.5::X::2000000::0.6786482409926454","X-half-step-refinement","5.|1.5",5,1.5,"X",2000000,"{0.6786482409926454}","0.6786482409926454",0.1326080608280614,-0.32490910990719024,0.5291362131027708,-1.921009787663087,0.005001352572334034,6.002081497784447,4.0810717101213605,544.7073141999999,21,"complete","parallel-pattern-search-remaining","2026-08-01T13:45:53","2026-08-01T13:54:58"
"5.|2.::X::2000000::0.5837454198929014","X-half-step-refinement","5.|2.",5,2,"X",2000000,"{0.5837454198929014}","0.5837454198929014",0.1307933454451575,-0.2691928027715664,0.391493901738113,-1.6666597593320571,0.004198777090685778,3.556637887159965,1.8899781278279078,545.2553657999999,23,"complete","parallel-pattern-search-remaining","2026-08-01T13:45:53","2026-08-01T13:54:58"
"3.|1.::X::2000000::0.6813762792679012","X-half-step-refinement","3.|1.",3,1,"X",2000000,"{0.6813762792679012}","0.6813762792679012",0.24288542242230038,-0.7874248958920066,0.5333988194480376,-2.7085614762296735,0.005015779054562009,13.745306096223288,11.036744619993614,546.3803129,25,"complete","parallel-pattern-search-remaining","2026-08-01T13:45:53","2026-08-01T13:55:00"
"5.|1.5::X::2000000::0.7245471558423896","X-half-step-refinement","5.|1.5",5,1.5,"X",2000000,"{0.7245471558423896}","0.7245471558423896",0.11975320035842953,-0.3025390746124331,0.6031305697718133,-1.9232242475267052,0.005433340020887706,6.002081497784447,4.078857250257742,547.4853353999999,22,"complete","parallel-pattern-search-remaining","2026-08-01T13:45:53","2026-08-01T13:55:01"
"7.|1.::X::2000000::0.7356575292679012","X-half-step-refinement","7.|1.",7,1,"X",2000000,"{0.7356575292679012}","0.7356575292679012",0.12954899536470962,-0.36087423083155873,0.6217694759789818,-2.163850202626911,0.006004683641240545,12.370319089318805,10.206468886691894,376.4531105,19,"complete","parallel-pattern-search-remaining","2026-08-01T13:54:55","2026-08-01T14:01:12"
"7.|1.::X::2000000::0.7890212878676454","X-half-step-refinement","7.|1.",7,1,"X",2000000,"{0.7890212878676454}","0.7890212878676454",0.11634661038543265,-0.3346753893282992,0.7152460542893339,-2.1612914590906236,0.006522647665830447,12.370319089318805,10.209027630228181,376.6976487,24,"complete","parallel-pattern-search-remaining","2026-08-01T13:54:57","2026-08-01T14:01:14"
"10.|1.::X::2000000::0.7326419042679012","X-half-step-refinement","10.|1.",10,1,"X",2000000,"{0.7326419042679012}","0.7326419042679012",0.10041979033036273,-0.2623380285115226,0.6166823792505918,-1.9957312460764332,0.006440734482495903,12.060947012765295,10.065215766688862,376.0207909,26,"complete","parallel-pattern-search-remaining","2026-08-01T13:54:58","2026-08-01T14:01:14"
"10.|1.::X::2000000::0.7857869128676452","X-half-step-refinement","10.|1.",10,1,"X",2000000,"{0.7857869128676452}","0.7857869128676452",0.08953519138457318,-0.24253669772465497,0.7093941654409139,-1.9994479554510485,0.006947215249247672,12.060947012765295,10.061499057314247,376.7440349,20,"complete","parallel-pattern-search-remaining","2026-08-01T13:54:58","2026-08-01T14:01:15"
"5.|0.5::XX::1000000::0.7556943737557128|0.21332841922907436|2.3712859721644617|2.3827235819174315","XX-initial-stencil","5.|0.5",5,0.5,"XX",1000000,"{0.7556943737557128, 0.21332841922907436, 2.3712859721644617, 2.3827235819174315}","0.7556943737557128|0.21332841922907436|2.3712859721644617|2.3827235819174315",0.0005836462824071054,-0.0039725127172012585,,-6.806370291296311,0.02424906059668942,96.48757610212236,89.68120581082604,10052.8429884,24,"complete","parallel-pattern-search-remaining","2026-08-01T14:01:15","2026-08-01T16:48:48"
"5.|0.5::XX::1000000::0.7556943737557128|0.21332841922907436|2.577484752352676|2.3827235819174315","XX-initial-stencil","5.|0.5",5,0.5,"XX",1000000,"{0.7556943737557128, 0.21332841922907436, 2.577484752352676, 2.3827235819174315}","0.7556943737557128|0.21332841922907436|2.577484752352676|2.3827235819174315",0.0005653888989679413,-0.0038311999220459157,,-6.7762206315677105,0.023619912783987392,96.48757610212236,89.71135547055465,10066.5309665,19,"complete","parallel-pattern-search-remaining","2026-08-01T14:01:15","2026-08-01T16:49:02"
"5.|0.5::XX::1000000::0.8463776986063983|0.21332841922907436|2.577484752352676|2.3827235819174315","XX-initial-stencil","5.|0.5",5,0.5,"XX",1000000,"{0.8463776986063983, 0.21332841922907436, 2.577484752352676, 2.3827235819174315}","0.8463776986063983|0.21332841922907436|2.577484752352676|2.3827235819174315",0.00042699173691313326,-0.0028756325676140173,,-6.7346328254568375,0.025023846243843677,96.48757610212236,89.75294327666552,10081.7807495,21,"complete","parallel-pattern-search-remaining","2026-08-01T14:01:15","2026-08-01T16:49:17"
"5.|0.5::XX::1000000::0.7556943737557128|0.21332841922907436|2.577484752352676|2.1444512237256883","XX-initial-stencil","5.|0.5",5,0.5,"XX",1000000,"{0.7556943737557128, 0.21332841922907436, 2.577484752352676, 2.1444512237256883}","0.7556943737557128|0.21332841922907436|2.577484752352676|2.1444512237256883",0.0009216025813639182,-0.006195491541890998,,-6.722519735917007,0.022365474051668822,96.48757610212236,89.76505636620536,10084.4502656,26,"complete","parallel-pattern-search-remaining","2026-08-01T14:01:15","2026-08-01T16:49:20"
"5.|0.5::XX::1000000::0.6650110489050273|0.21332841922907436|2.577484752352676|2.3827235819174315","XX-initial-stencil","5.|0.5",5,0.5,"XX",1000000,"{0.6650110489050273, 0.21332841922907436, 2.577484752352676, 2.3827235819174315}","0.6650110489050273|0.21332841922907436|2.577484752352676|2.3827235819174315",0.0007524696175280658,-0.005079510650885233,,-6.750452819041263,0.021914190308197596,96.48757610212236,89.7371232830811,10099.5773832,20,"complete","parallel-pattern-search-remaining","2026-08-01T14:01:15","2026-08-01T16:49:35"
"5.|0.5::XX::1000000::0.7556943737557128|0.26666052403634294|2.577484752352676|2.3827235819174315","XX-initial-stencil","5.|0.5",5,0.5,"XX",1000000,"{0.7556943737557128, 0.26666052403634294, 2.577484752352676, 2.3827235819174315}","0.7556943737557128|0.26666052403634294|2.577484752352676|2.3827235819174315",0.00046978480810839324,-0.0031633483130855196,,-6.73361134393184,0.02430023231940478,96.48757610212236,89.75396475819052,10100.8932668,23,"complete","parallel-pattern-search-remaining","2026-08-01T14:01:15","2026-08-01T16:49:36"
"5.|0.5::XX::1000000::0.7556943737557128|0.21332841922907436|2.78368353254089|2.3827235819174315","XX-initial-stencil","5.|0.5",5,0.5,"XX",1000000,"{0.7556943737557128, 0.21332841922907436, 2.78368353254089, 2.3827235819174315}","0.7556943737557128|0.21332841922907436|2.78368353254089|2.3827235819174315",0.0005576549220165574,-0.0037081118381437597,,-6.649473880253247,0.022746389854404914,96.48757610212236,89.83810222186912,10134.6471447,25,"complete","parallel-pattern-search-remaining","2026-08-01T14:01:15","2026-08-01T16:50:10"
"5.|0.5::XX::1000000::0.7556943737557128|0.15999631442180579|2.577484752352676|2.3827235819174315","XX-initial-stencil","5.|0.5",5,0.5,"XX",1000000,"{0.7556943737557128, 0.15999631442180579, 2.577484752352676, 2.3827235819174315}","0.7556943737557128|0.15999631442180579|2.577484752352676|2.3827235819174315",0.0006811911467099164,-0.004627160157990476,,-6.7927485263705885,0.022798240427397,96.48757610212236,89.69482757575177,10147.2377005,22,"complete","parallel-pattern-search-remaining","2026-08-01T14:01:15","2026-08-01T16:50:23"
"5.|0.5::XX::1000000::0.7556943737557128|0.21332841922907436|2.577484752352676|2.6209959401091747","XX-initial-stencil","5.|0.5",5,0.5,"XX",1000000,"{0.7556943737557128, 0.21332841922907436, 2.577484752352676, 2.6209959401091747}","0.7556943737557128|0.21332841922907436|2.577484752352676|2.6209959401091747",0.0003542033953221843,-0.0024017652570499978,,-6.780751649388753,0.024585045977541586,96.48757610212236,89.70682445273361,10051.2453515,24,"complete","parallel-pattern-search-remaining","2026-08-01T16:48:48","2026-08-01T19:36:20"
"5.|1.5::XX::1000000::0.6077939831307123|0.004089211802105613|2.858881236727677|1.953280222542432","XX-initial-stencil","5.|1.5",5,1.5,"XX",1000000,"{0.6077939831307123, 0.004089211802105613, 2.858881236727677, 1.953280222542432}","0.6077939831307123|0.004089211802105613|2.858881236727677|1.953280222542432",0.0014596183320508195,-0.00583024426011142,,-3.9943621781727723,0.01547939148557411,12.004162995568894,8.009800817396123,10063.106549799999,19,"complete","parallel-pattern-search-remaining","2026-08-01T16:49:02","2026-08-01T19:36:45"
"5.|1.5::XX::1000000::0.6807292611063978|0.004089211802105613|2.858881236727677|1.953280222542432","XX-initial-stencil","5.|1.5",5,1.5,"XX",1000000,"{0.6807292611063978, 0.004089211802105613, 2.858881236727677, 1.953280222542432}","0.6807292611063978|0.004089211802105613|2.858881236727677|1.953280222542432",0.0010177945878517656,-0.00405665926527245,,-3.9857347579679536,0.016782398536764876,12.004162995568894,8.01842823760094,10069.2039229,26,"complete","parallel-pattern-search-remaining","2026-08-01T16:49:20","2026-08-01T19:37:09"
"5.|1.5::XX::1000000::0.5348587051550269|0.004089211802105613|2.858881236727677|1.953280222542432","XX-initial-stencil","5.|1.5",5,1.5,"XX",1000000,"{0.5348587051550269, 0.004089211802105613, 2.858881236727677, 1.953280222542432}","0.5348587051550269|0.004089211802105613|2.858881236727677|1.953280222542432",0.0021247378267854203,-0.008400343297283171,,-3.9535905048540996,0.014216126834533696,12.004162995568894,8.050572490714794,10075.8209195,21,"complete","parallel-pattern-search-remaining","2026-08-01T16:49:17","2026-08-01T19:37:13"
"5.|1.5::XX::1000000::0.6077939831307123|0.001|2.858881236727677|1.953280222542432","XX-initial-stencil","5.|1.5",5,1.5,"XX",1000000,"{0.6077939831307123, 0.001, 2.858881236727677, 1.953280222542432}","0.6077939831307123|0.001|2.858881236727677|1.953280222542432",0.0014834758052109354,-0.005949504320154078,,-4.010516584938921,0.015546810037965948,12.004162995568894,7.993646410629973,10102.303771300001,20,"complete","parallel-pattern-search-remaining","2026-08-01T16:49:35","2026-08-01T19:37:57"
"5.|1.5::XX::1000000::0.6077939831307123|0.024089211802105614|2.858881236727677|1.953280222542432","XX-initial-stencil","5.|1.5",5,1.5,"XX",1000000,"{0.6077939831307123, 0.024089211802105614, 2.858881236727677, 1.953280222542432}","0.6077939831307123|0.024089211802105614|2.858881236727677|1.953280222542432",0.001296813027447568,-0.005167938169814418,,-3.985106611695698,0.01571720164309302,12.004162995568894,8.019056383873195,10103.469915399999,23,"complete","parallel-pattern-search-remaining","2026-08-01T16:49:36","2026-08-01T19:38:00"
"5.|1.5::XX::1000000::0.6077939831307123|0.004089211802105613|2.6301707377894625|1.953280222542432","XX-initial-stencil","5.|1.5",5,1.5,"XX",1000000,"{0.6077939831307123, 0.004089211802105613, 2.6301707377894625, 1.953280222542432}","0.6077939831307123|0.004089211802105613|2.6301707377894625|1.953280222542432",0.0012423059088235943,-0.0049677243250086465,,-3.9987931231147806,0.01601947561709745,12.004162995568894,8.005369872454114,10137.9543906,25,"complete","parallel-pattern-search-remaining","2026-08-01T16:50:10","2026-08-01T19:39:08"
"5.|1.5::XX::1000000::0.6077939831307123|0.004089211802105613|3.087591735665891|1.953280222542432","XX-initial-stencil","5.|1.5",5,1.5,"XX",1000000,"{0.6077939831307123, 0.004089211802105613, 3.087591735665891, 1.953280222542432}","0.6077939831307123|0.004089211802105613|3.087591735665891|1.953280222542432",0.001748194908106069,-0.006947836421029485,,-3.9742916472377328,0.015109104435627059,12.004162995568894,8.029871348331161,10146.8222865,22,"complete","parallel-pattern-search-remaining","2026-08-01T16:50:23","2026-08-01T19:39:30"
"5.|1.5::XX::1000000::0.6077939831307123|0.004089211802105613|2.858881236727677|1.7579522002881887","XX-initial-stencil","5.|1.5",5,1.5,"XX",1000000,"{0.6077939831307123, 0.004089211802105613, 2.858881236727677, 1.7579522002881887}","0.6077939831307123|0.004089211802105613|2.858881236727677|1.7579522002881887",0.0027081332689481243,-0.01079211454694876,,-3.985075133005018,0.014715537258642698,12.004162995568894,8.019087862563875,10046.816436000001,24,"complete","parallel-pattern-search-remaining","2026-08-01T19:36:20","2026-08-01T22:23:46"
"5.|1.5::XX::1000000::0.6077939831307123|0.004089211802105613|2.858881236727677|2.1486082447966752","XX-initial-stencil","5.|1.5",5,1.5,"XX",1000000,"{0.6077939831307123, 0.004089211802105613, 2.858881236727677, 2.1486082447966752}","0.6077939831307123|0.004089211802105613|2.858881236727677|2.1486082447966752",0.0008151153193990508,-0.0032299153681379805,,-3.96252565896965,0.01620959375635419,12.004162995568894,8.041637336599244,10044.5427864,19,"complete","parallel-pattern-search-remaining","2026-08-01T19:36:45","2026-08-01T22:24:10"
"5.|2.::XX::1000000::0.5874814831307124|0.010584384475523713|3.0205999867276767|1.8743739725424318","XX-initial-stencil","5.|2.",5,2,"XX",1000000,"{0.5874814831307124, 0.010584384475523713, 3.0205999867276767, 1.8743739725424318}","0.5874814831307124|0.010584384475523713|3.0205999867276767|1.8743739725424318",0.0013408085883663068,-0.004620565438377795,,-3.4461037007584143,0.014786720634652417,7.11327577431993,3.6671720735615154,10065.9925115,26,"complete","parallel-pattern-search-remaining","2026-08-01T19:37:09","2026-08-01T22:24:55"
"5.|2.::XX::1000000::0.5169837051550269|0.010584384475523713|3.0205999867276767|1.8743739725424318","XX-initial-stencil","5.|2.",5,2,"XX",1000000,"{0.5169837051550269, 0.010584384475523713, 3.0205999867276767, 1.8743739725424318}","0.5169837051550269|0.010584384475523713|3.0205999867276767|1.8743739725424318",0.002009744304172877,-0.006868094983178749,,-3.417397411659966,0.013481607292223167,7.11327577431993,3.695878362659964,10088.0626722,21,"complete","parallel-pattern-search-remaining","2026-08-01T19:37:13","2026-08-01T22:25:21"
"5.|2.::XX::1000000::0.5874814831307124|0.001|3.0205999867276767|1.8743739725424318","XX-initial-stencil","5.|2.",5,2,"XX",1000000,"{0.5874814831307124, 0.001, 3.0205999867276767, 1.8743739725424318}","0.5874814831307124|0.001|3.0205999867276767|1.8743739725424318",0.001428634327765687,-0.004943916383263904,,-3.460589100498476,0.014648484842634523,7.11327577431993,3.652686673821454,10087.1898767,23,"complete","parallel-pattern-search-remaining","2026-08-01T19:38:00","2026-08-01T22:26:07"
"5.|2.::XX::1000000::0.6579792611063978|0.010584384475523713|3.0205999867276767|1.8743739725424318","XX-initial-stencil","5.|2.",5,2,"XX",1000000,"{0.6579792611063978, 0.010584384475523713, 3.0205999867276767, 1.8743739725424318}","0.6579792611063978|0.010584384475523713|3.0205999867276767|1.8743739725424318",0.0009070327129440918,-0.0031081647400118513,,-3.426739406038858,0.01584384453564885,7.11327577431993,3.6865363682810717,10099.174491200001,20,"complete","parallel-pattern-search-remaining","2026-08-01T19:37:57","2026-08-01T22:26:17"
"5.|2.::XX::1000000::0.5874814831307124|0.030584384475523713|3.0205999867276767|1.8743739725424318","XX-initial-stencil","5.|2.",5,2,"XX",1000000,"{0.5874814831307124, 0.030584384475523713, 3.0205999867276767, 1.8743739725424318}","0.5874814831307124|0.030584384475523713|3.0205999867276767|1.8743739725424318",0.0011716539503579195,-0.0040370699286006425,,-3.4456162823224292,0.01504917640615167,7.11327577431993,3.6676594919975005,10140.1519722,25,"complete","parallel-pattern-search-remaining","2026-08-01T19:39:08","2026-08-01T22:28:08"
"5.|2.::XX::1000000::0.5874814831307124|0.010584384475523713|2.7789519877894624|1.8743739725424318","XX-initial-stencil","5.|2.",5,2,"XX",1000000,"{0.5874814831307124, 0.010584384475523713, 2.7789519877894624, 1.8743739725424318}","0.5874814831307124|0.010584384475523713|2.7789519877894624|1.8743739725424318",0.0010734578847879672,-0.003682854509990903,,-3.4308327901642386,0.015342560876494115,7.11327577431993,3.682442984155691,10121.742820200001,22,"complete","parallel-pattern-search-remaining","2026-08-01T19:39:30","2026-08-01T22:28:11"
"5.|2.::XX::1000000::0.5874814831307124|0.010584384475523713|3.262247985665891|1.8743739725424318","XX-initial-stencil","5.|2.",5,2,"XX",1000000,"{0.5874814831307124, 0.010584384475523713, 3.262247985665891, 1.8743739725424318}","0.5874814831307124|0.010584384475523713|3.262247985665891|1.8743739725424318",0.0017145111280334239,-0.005882900375743489,,-3.4312407073678695,0.01430740337718069,7.11327577431993,3.6820350669520603,10070.50353,24,"complete","parallel-pattern-search-remaining","2026-08-01T22:23:46","2026-08-02T01:11:37"
"5.|2.::XX::1000000::0.5874814831307124|0.010584384475523713|3.0205999867276767|1.6869365752881886","XX-initial-stencil","5.|2.",5,2,"XX",1000000,"{0.5874814831307124, 0.010584384475523713, 3.0205999867276767, 1.6869365752881886}","0.5874814831307124|0.010584384475523713|3.0205999867276767|1.6869365752881886",0.00259833073237212,-0.008972090620040318,,-3.453021013937413,0.014148281300886318,7.11327577431993,3.6602547603825166,10056.0548861,19,"complete","parallel-pattern-search-remaining","2026-08-01T22:24:10","2026-08-02T01:11:46"
"5.|2.::XX::1000000::0.5874814831307124|0.010584384475523713|3.0205999867276767|2.061811369796675","XX-initial-stencil","5.|2.",5,2,"XX",1000000,"{0.5874814831307124, 0.010584384475523713, 3.0205999867276767, 2.061811369796675}","0.5874814831307124|0.010584384475523713|3.0205999867276767|2.061811369796675",0.0007206599202055623,-0.0024444346248945615,,-3.3919391884556407,0.01546891090979748,7.11327577431993,3.721336585864289,10070.2180986,26,"complete","parallel-pattern-search-remaining","2026-08-01T22:24:55","2026-08-02T01:12:45"
"3.|1.::XX::1000000::0.6533017956307122|0.0633070356251368|2.5421820179776766|2.2986903787924318","XX-initial-stencil","3.|1.",3,1,"XX",1000000,"{0.6533017956307122, 0.0633070356251368, 2.5421820179776766, 2.2986903787924318}","0.6533017956307122|0.0633070356251368|2.5421820179776766|2.2986903787924318",0.0012418766069777515,-0.0070057278567712085,,-5.641243113372146,0.01688856887142789,27.490612192446577,21.84936907907443,10084.5807915,21,"complete","parallel-pattern-search-remaining","2026-08-01T22:25:21","2026-08-02T01:13:26"
"3.|1.::XX::1000000::0.7316980111063976|0.0633070356251368|2.5421820179776766|2.2986903787924318","XX-initial-stencil","3.|1.",3,1,"XX",1000000,"{0.7316980111063976, 0.0633070356251368, 2.5421820179776766, 2.2986903787924318}","0.7316980111063976|0.0633070356251368|2.5421820179776766|2.2986903787924318",0.0009362059186241641,-0.005295178285798923,,-5.655997447207605,0.018153731399680482,27.490612192446577,21.834614745238973,10109.783821800002,20,"complete","parallel-pattern-search-remaining","2026-08-01T22:26:17","2026-08-02T01:14:46"
"3.|1.::XX::1000000::0.5749055801550268|0.0633070356251368|2.5421820179776766|2.2986903787924318","XX-initial-stencil","3.|1.",3,1,"XX",1000000,"{0.5749055801550268, 0.0633070356251368, 2.5421820179776766, 2.2986903787924318}","0.5749055801550268|0.0633070356251368|2.5421820179776766|2.2986903787924318",0.0016581292851671323,-0.009332643596649445,,-5.628417325557793,0.015948560156118764,27.490612192446577,21.862194866888785,10119.474940999999,23,"complete","parallel-pattern-search-remaining","2026-08-01T22:26:07","2026-08-02T01:14:47"
"3.|1.::XX::1000000::0.6533017956307122|0.0433070356251368|2.5421820179776766|2.2986903787924318","XX-initial-stencil","3.|1.",3,1,"XX",1000000,"{0.6533017956307122, 0.0433070356251368, 2.5421820179776766, 2.2986903787924318}","0.6533017956307122|0.0433070356251368|2.5421820179776766|2.2986903787924318",0.0013476107952679552,-0.007604065231023138,,-5.642627127746604,0.016767102035873793,27.490612192446577,21.847985064699973,10158.2152628,25,"complete","parallel-pattern-search-remaining","2026-08-01T22:28:08","2026-08-02T01:17:27"
"3.|1.::XX::1000000::0.6533017956307122|0.0833070356251368|2.5421820179776766|2.2986903787924318","XX-initial-stencil","3.|1.",3,1,"XX",1000000,"{0.6533017956307122, 0.0833070356251368, 2.5421820179776766, 2.2986903787924318}","0.6533017956307122|0.0833070356251368|2.5421820179776766|2.2986903787924318",0.0011441181663022996,-0.0064575413633997545,,-5.644120995185334,0.017157793244064204,27.490612192446577,21.846491197261244,10168.5616777,22,"complete","parallel-pattern-search-remaining","2026-08-01T22:28:11","2026-08-02T01:17:40"
"3.|1.::XX::1000000::0.6533017956307122|0.0633070356251368|2.745556579415891|2.2986903787924318","XX-initial-stencil","3.|1.",3,1,"XX",1000000,"{0.6533017956307122, 0.0633070356251368, 2.745556579415891, 2.2986903787924318}","0.6533017956307122|0.0633070356251368|2.745556579415891|2.2986903787924318",0.001268928054401071,-0.007144557353854971,,-5.630388050035802,0.016691722102966468,27.490612192446577,21.860224142410775,10380.7829727,19,"complete","parallel-pattern-search-remaining","2026-08-02T01:11:46","2026-08-02T04:04:47"
"3.|1.::XX::1000000::0.6533017956307122|0.0633070356251368|2.3388074565394623|2.2986903787924318","XX-initial-stencil","3.|1.",3,1,"XX",1000000,"{0.6533017956307122, 0.0633070356251368, 2.3388074565394623, 2.2986903787924318}","0.6533017956307122|0.0633070356251368|2.3388074565394623|2.2986903787924318",0.0012376368174810192,-0.0070019797160593596,,-5.657539931876456,0.017524568761859184,27.490612192446577,21.83307226057012,10413.0851172,24,"complete","parallel-pattern-search-remaining","2026-08-02T01:11:37","2026-08-02T04:05:10"
"3.|1.::XX::1000000::0.6533017956307122|0.0633070356251368|2.5421820179776766|2.0688213409131886","XX-initial-stencil","3.|1.",3,1,"XX",1000000,"{0.6533017956307122, 0.0633070356251368, 2.5421820179776766, 2.0688213409131886}","0.6533017956307122|0.0633070356251368|2.5421820179776766|2.0688213409131886",0.0020813867957744196,-0.01172163399226236,,-5.631646177471354,0.016329580628803336,27.490612192446577,21.858966014975223,10405.8224345,26,"complete","parallel-pattern-search-remaining","2026-08-02T01:12:45","2026-08-02T04:06:11"
"3.|1.::XX::1000000::0.6533017956307122|0.0633070356251368|2.5421820179776766|2.528559416671675","XX-initial-stencil","3.|1.",3,1,"XX",1000000,"{0.6533017956307122, 0.0633070356251368, 2.5421820179776766, 2.528559416671675}","0.6533017956307122|0.0633070356251368|2.5421820179776766|2.528559416671675",0.0007605133556319567,-0.004302972646252356,,-5.657984326490564,0.017935295125648114,27.490612192446577,21.832627865956013,10405.7949488,21,"complete","parallel-pattern-search-remaining","2026-08-02T01:13:26","2026-08-02T04:06:52"
"7.|1.::XX::1000000::0.6423642956307125|0.05418019210545175|2.8304632679776756|1.8963466287924327","XX-initial-stencil","7.|1.",7,1,"XX",1000000,"{0.6423642956307125, 0.05418019210545175, 2.8304632679776756, 1.8963466287924327}","0.6423642956307125|0.05418019210545175|2.8304632679776756|1.8963466287924327",0.0012825954356545084,-0.005702902648958412,,-4.446376846841202,0.01820443705261838,24.74063817863761,20.294261331796406,10406.2079285,20,"complete","parallel-pattern-search-remaining","2026-08-02T01:14:46","2026-08-02T04:08:13"
"7.|1.::XX::1000000::0.565280580155027|0.05418019210545175|2.8304632679776756|1.8963466287924327","XX-initial-stencil","7.|1.",7,1,"XX",1000000,"{0.565280580155027, 0.05418019210545175, 2.8304632679776756, 1.8963466287924327}","0.565280580155027|0.05418019210545175|2.8304632679776756|1.8963466287924327",0.0018547177934196471,-0.008191106403897808,,-4.416362657952079,0.016738267399964247,24.74063817863761,20.324275520685532,10431.296059100001,23,"complete","parallel-pattern-search-remaining","2026-08-02T01:14:47","2026-08-02T04:08:38"
"7.|1.::XX::1000000::0.6423642956307125|0.03418019210545174|2.8304632679776756|1.8963466287924327","XX-initial-stencil","7.|1.",7,1,"XX",1000000,"{0.6423642956307125, 0.03418019210545174, 2.8304632679776756, 1.8963466287924327}","0.6423642956307125|0.03418019210545174|2.8304632679776756|1.8963466287924327",0.0014352832940274219,-0.006364172459755644,,-4.434088020280442,0.017863045412103592,24.74063817863761,20.30655015835717,10450.766822200001,22,"complete","parallel-pattern-search-remaining","2026-08-02T01:17:40","2026-08-02T04:11:51"
"7.|1.::XX::1000000::0.719448011106398|0.05418019210545175|2.8304632679776756|1.8963466287924327","XX-initial-stencil","7.|1.",7,1,"XX",1000000,"{0.719448011106398, 0.05418019210545175, 2.8304632679776756, 1.8963466287924327}","0.719448011106398|0.05418019210545175|2.8304632679776756|1.8963466287924327",0.000901169051607061,-0.004006520132070767,,-4.4459140323626425,0.019581788827952466,24.74063817863761,20.294724146274966,10467.3694903,25,"complete","parallel-pattern-search-remaining","2026-08-02T01:17:27","2026-08-02T04:11:54"
"7.|1.::XX::1000000::0.6423642956307125|0.07418019210545175|2.8304632679776756|1.8963466287924327","XX-initial-stencil","7.|1.",7,1,"XX",1000000,"{0.6423642956307125, 0.07418019210545175, 2.8304632679776756, 1.8963466287924327}","0.6423642956307125|0.07418019210545175|2.8304632679776756|1.8963466287924327",0.0011467960883760793,-0.005103449782683485,,-4.450180668047294,0.018560543943203542,24.74063817863761,20.290457510590315,10110.3921223,19,"complete","parallel-pattern-search-remaining","2026-08-02T04:04:47","2026-08-02T06:53:17"
"7.|1.::XX::1000000::0.6423642956307125|0.05418019210545175|2.6040262065394617|1.8963466287924327","XX-initial-stencil","7.|1.",7,1,"XX",1000000,"{0.6423642956307125, 0.05418019210545175, 2.6040262065394617, 1.8963466287924327}","0.6423642956307125|0.05418019210545175|2.6040262065394617|1.8963466287924327",0.0011074040553066594,-0.00494192052744364,,-4.4626173290246225,0.018700134503984688,24.74063817863761,20.278020849612986,10113.8273132,24,"complete","parallel-pattern-search-remaining","2026-08-02T04:05:10","2026-08-02T06:53:44"
"7.|1.::XX::1000000::0.6423642956307125|0.05418019210545175|3.0569003294158894|1.8963466287924327","XX-initial-stencil","7.|1.",7,1,"XX",1000000,"{0.6423642956307125, 0.05418019210545175, 3.0569003294158894, 1.8963466287924327}","0.6423642956307125|0.05418019210545175|3.0569003294158894|1.8963466287924327",0.00151790849664939,-0.006738290078012465,,-4.439193859765903,0.017597908945664695,24.74063817863761,20.301444318871706,10155.8846094,26,"complete","parallel-pattern-search-remaining","2026-08-02T04:06:11","2026-08-02T06:55:27"
"7.|1.::XX::1000000::0.6423642956307125|0.05418019210545175|2.8304632679776756|1.7067119659131893","XX-initial-stencil","7.|1.",7,1,"XX",1000000,"{0.6423642956307125, 0.05418019210545175, 2.8304632679776756, 1.7067119659131893}","0.6423642956307125|0.05418019210545175|2.8304632679776756|1.7067119659131893",0.0023053177360920015,-0.010170978093757705,,-4.411963667533159,0.017158244849288327,24.74063817863761,20.328674511104452,10141.8416323,21,"complete","parallel-pattern-search-remaining","2026-08-02T04:06:52","2026-08-02T06:55:53"
"7.|1.::XX::1000000::0.6423642956307125|0.05418019210545175|2.8304632679776756|2.085981291671676","XX-initial-stencil","7.|1.",7,1,"XX",1000000,"{0.6423642956307125, 0.05418019210545175, 2.8304632679776756, 2.085981291671676}","0.6423642956307125|0.05418019210545175|2.8304632679776756|2.085981291671676",0.0007362100808141848,-0.0032709945679390826,,-4.443017900979629,0.0190380312038687,24.74063817863761,20.29762027765798,10136.967565,20,"complete","parallel-pattern-search-remaining","2026-08-02T04:08:13","2026-08-02T06:57:10"
"10.|1.::XX::1000000::0.6423642956307125|0.05418019210545175|2.8304632679776756|1.8963466287924327","XX-initial-stencil","10.|1.",10,1,"XX",1000000,"{0.6423642956307125, 0.05418019210545175, 2.8304632679776756, 1.8963466287924327}","0.6423642956307125|0.05418019210545175|2.8304632679776756|1.8963466287924327",0.0006849644187026778,-0.0027250668052239695,,-3.978406368005574,0.02001547213079451,24.12189402553059,20.143487657525014,10154.7170458,23,"complete","parallel-pattern-search-remaining","2026-08-02T04:08:38","2026-08-02T06:57:53"
"10.|1.::XX::1000000::0.719448011106398|0.05418019210545175|2.8304632679776756|1.8963466287924327","XX-initial-stencil","10.|1.",10,1,"XX",1000000,"{0.719448011106398, 0.05418019210545175, 2.8304632679776756, 1.8963466287924327}","0.719448011106398|0.05418019210545175|2.8304632679776756|1.8963466287924327",0.0004688371495645274,-0.001875067733709816,,-3.999400933674828,0.02171787333085689,24.12189402553059,20.122493091855763,10202.429660900001,25,"complete","parallel-pattern-search-remaining","2026-08-02T04:11:54","2026-08-02T07:01:56"
"10.|1.::XX::1000000::0.565280580155027|0.05418019210545175|2.8304632679776756|1.8963466287924327","XX-initial-stencil","10.|1.",10,1,"XX",1000000,"{0.565280580155027, 0.05418019210545175, 2.8304632679776756, 1.8963466287924327}","0.565280580155027|0.05418019210545175|2.8304632679776756|1.8963466287924327",0.0010197075459018987,-0.004067909355412736,,-3.9892902349906616,0.01840928563771731,24.12189402553059,20.132603790539928,10207.9855761,22,"complete","parallel-pattern-search-remaining","2026-08-02T04:11:51","2026-08-02T07:01:59"
"10.|1.::XX::1000000::0.6423642956307125|0.03418019210545174|2.8304632679776756|1.8963466287924327","XX-initial-stencil","10.|1.",10,1,"XX",1000000,"{0.6423642956307125, 0.03418019210545174, 2.8304632679776756, 1.8963466287924327}","0.6423642956307125|0.03418019210545174|2.8304632679776756|1.8963466287924327",0.0007731126831183416,-0.0031098698370162037,,-4.022531132813107,0.019945124937372195,24.12189402553059,20.099362892717483,8588.0057079,19,"complete","parallel-pattern-search-remaining","2026-08-02T06:53:17","2026-08-02T09:16:25"
"10.|1.::XX::1000000::0.6423642956307125|0.07418019210545175|2.8304632679776756|1.8963466287924327","XX-initial-stencil","10.|1.",10,1,"XX",1000000,"{0.6423642956307125, 0.07418019210545175, 2.8304632679776756, 1.8963466287924327}","0.6423642956307125|0.07418019210545175|2.8304632679776756|1.8963466287924327",0.0006071328526472997,-0.0024372952003633005,,-4.014434715130122,0.020588948942160862,24.12189402553059,20.10745931040047,8585.2536918,24,"complete","parallel-pattern-search-remaining","2026-08-02T06:53:44","2026-08-02T09:16:49"
"10.|1.::XX::1000000::0.6423642956307125|0.05418019210545175|2.6040262065394617|1.8963466287924327","XX-initial-stencil","10.|1.",10,1,"XX",1000000,"{0.6423642956307125, 0.05418019210545175, 2.6040262065394617, 1.8963466287924327}","0.6423642956307125|0.05418019210545175|2.6040262065394617|1.8963466287924327",0.0005782518146965809,-0.0023055692802131447,,-3.9871371288699167,0.020781062155254423,24.12189402553059,20.134756896660672,8552.1277931,26,"complete","parallel-pattern-search-remaining","2026-08-02T06:55:27","2026-08-02T09:17:59"
"10.|1.::XX::1000000::0.6423642956307125|0.05418019210545175|3.0569003294158894|1.8963466287924327","XX-initial-stencil","10.|1.",10,1,"XX",1000000,"{0.6423642956307125, 0.05418019210545175, 3.0569003294158894, 1.8963466287924327}","0.6423642956307125|0.05418019210545175|3.0569003294158894|1.8963466287924327",0.0008286000902912109,-0.0033402814480767576,,-4.031234714086041,0.019613445422999806,24.12189402553059,20.090659311444547,8572.1817289,21,"complete","parallel-pattern-search-remaining","2026-08-02T06:55:54","2026-08-02T09:18:46"
"10.|1.::XX::1000000::0.6423642956307125|0.05418019210545175|2.8304632679776756|1.7067119659131893","XX-initial-stencil","10.|1.",10,1,"XX",1000000,"{0.6423642956307125, 0.05418019210545175, 2.8304632679776756, 1.7067119659131893}","0.6423642956307125|0.05418019210545175|2.8304632679776756|1.7067119659131893",0.0012771211418666532,-0.005106894330200987,,-3.998754826606894,0.01910885279386001,24.12189402553059,20.123139198923695,8513.770355999999,20,"complete","parallel-pattern-search-remaining","2026-08-02T06:57:10","2026-08-02T09:19:03"
"10.|1.::XX::1000000::0.6423642956307125|0.05418019210545175|2.8304632679776756|2.085981291671676","XX-initial-stencil","10.|1.",10,1,"XX",1000000,"{0.6423642956307125, 0.05418019210545175, 2.8304632679776756, 2.085981291671676}","0.6423642956307125|0.05418019210545175|2.8304632679776756|2.085981291671676",0.00038298985938803657,-0.0015054811413091093,,-3.9308642367572197,0.020991028421374753,24.12189402553059,20.19102978877337,8492.4283392,23,"complete","parallel-pattern-search-remaining","2026-08-02T06:57:53","2026-08-02T09:19:25"
"5.|2.::XX::2000000::0.5874814831307124|0.001|3.0205999867276767|1.8743739725424318","XX-first-verification","5.|2.",5,2,"XX",2000000,"{0.5874814831307124, 0.001, 3.0205999867276767, 1.8743739725424318}","0.5874814831307124|0.001|3.0205999867276767|1.8743739725424318",0.001430021897718449,-0.004930074688443344,,-3.447551884561425,0.01031817683405929,7.11327577431993,3.665723889758505,20083.735301999997,24,"complete","parallel-pattern-search-remaining","2026-08-02T09:19:26","2026-08-02T14:54:10"
"5.|0.5::XX::2000000::0.7556943737557128|0.21332841922907436|2.577484752352676|2.3827235819174315","XX-first-verification","5.|0.5",5,0.5,"XX",2000000,"{0.7556943737557128, 0.21332841922907436, 2.577484752352676, 2.3827235819174315}","0.7556943737557128|0.21332841922907436|2.577484752352676|2.3827235819174315",0.0005649080755363029,-0.0038319106642934328,,-6.783246390407073,0.01661610329372823,96.48757610212236,89.70432971171529,20118.942932899998,19,"complete","parallel-pattern-search-remaining","2026-08-02T09:19:26","2026-08-02T14:54:45"
"3.|1.::XX::2000000::0.6533017956307122|0.0633070356251368|2.5421820179776766|2.528559416671675","XX-first-verification","3.|1.",3,1,"XX",2000000,"{0.6533017956307122, 0.0633070356251368, 2.5421820179776766, 2.528559416671675}","0.6533017956307122|0.0633070356251368|2.5421820179776766|2.528559416671675",0.0007603544902378587,-0.0043059597718672635,,-5.663095078875968,0.012715540804490437,27.490612192446577,21.827517113570607,20127.5799418,26,"complete","parallel-pattern-search-remaining","2026-08-02T09:19:26","2026-08-02T14:54:54"
"5.|2.::XX::2000000::0.5874814831307124|0.010584384475523713|3.0205999867276767|1.8743739725424318","XX-first-verification","5.|2.",5,2,"XX",2000000,"{0.5874814831307124, 0.010584384475523713, 3.0205999867276767, 1.8743739725424318}","0.5874814831307124|0.010584384475523713|3.0205999867276767|1.8743739725424318",0.0013412417761474462,-0.004613247027735437,,-3.439534250854032,0.010428129822595566,7.11327577431993,3.673741523465898,20165.8628266,23,"complete","parallel-pattern-search-remaining","2026-08-02T09:19:26","2026-08-02T14:55:32"
"5.|1.5::XX::2000000::0.6077939831307123|0.004089211802105613|2.858881236727677|1.953280222542432","XX-first-verification","5.|1.5",5,1.5,"XX",2000000,"{0.6077939831307123, 0.004089211802105613, 2.858881236727677, 1.953280222542432}","0.6077939831307123|0.004089211802105613|2.858881236727677|1.953280222542432",0.001457695497271957,-0.005834358123461885,,-4.002453279426842,0.010968931389466259,12.004162995568894,8.001709716142052,20239.549155700002,21,"complete","parallel-pattern-search-remaining","2026-08-02T09:19:26","2026-08-02T14:56:45"
"3.|1.::XX::2000000::0.6533017956307122|0.0633070356251368|2.5421820179776766|2.2986903787924318","XX-first-verification","3.|1.",3,1,"XX",2000000,"{0.6533017956307122, 0.0633070356251368, 2.5421820179776766, 2.2986903787924318}","0.6533017956307122|0.0633070356251368|2.5421820179776766|2.2986903787924318",0.0012418716576057386,-0.007039837648627779,,-5.668732034838612,0.012013198692758395,27.490612192446577,21.821880157607964,20240.553070100003,25,"complete","parallel-pattern-search-remaining","2026-08-02T09:19:26","2026-08-02T14:56:46"
"5.|0.5::XX::2000000::0.7556943737557128|0.21332841922907436|2.3712859721644617|2.3827235819174315","XX-first-verification","5.|0.5",5,0.5,"XX",2000000,"{0.7556943737557128, 0.21332841922907436, 2.3712859721644617, 2.3827235819174315}","0.7556943737557128|0.21332841922907436|2.3712859721644617|2.3827235819174315",0.0005837823342163665,-0.003972836318463597,,-6.805338369473766,0.017195735273597697,96.48757610212236,89.68223773264859,20266.2268538,20,"complete","parallel-pattern-search-remaining","2026-08-02T09:19:26","2026-08-02T14:57:12"
"5.|1.5::XX::2000000::0.6077939831307123|0.001|2.858881236727677|1.953280222542432","XX-first-verification","5.|1.5",5,1.5,"XX",2000000,"{0.6077939831307123, 0.001, 2.858881236727677, 1.953280222542432}","0.6077939831307123|0.001|2.858881236727677|1.953280222542432",0.0014874656897979832,-0.005952708551765131,,-4.001913181993182,0.010940188932604724,12.004162995568894,8.002249813575713,20312.9460162,22,"complete","parallel-pattern-search-remaining","2026-08-02T09:19:26","2026-08-02T14:57:59"
"7.|1.::XX::2000000::0.6423642956307125|0.05418019210545175|2.8304632679776756|1.8963466287924327","XX-first-verification","7.|1.",7,1,"XX",2000000,"{0.6423642956307125, 0.05418019210545175, 2.8304632679776756, 1.8963466287924327}","0.6423642956307125|0.05418019210545175|2.8304632679776756|1.8963466287924327",0.0012822956412327944,-0.005696750773493862,,-4.442618839456575,0.012837577134457281,24.74063817863761,20.298019339181035,13479.229922400002,24,"complete","parallel-pattern-search-remaining","2026-08-02T14:54:10","2026-08-02T18:38:49"
"10.|1.::XX::2000000::0.6423642956307125|0.05418019210545175|2.8304632679776756|1.8963466287924327","XX-first-verification","10.|1.",10,1,"XX",2000000,"{0.6423642956307125, 0.05418019210545175, 2.8304632679776756, 1.8963466287924327}","0.6423642956307125|0.05418019210545175|2.8304632679776756|1.8963466287924327",0.0006861483471747633,-0.0027393359167346937,,-3.992337703667134,0.014191775986793874,24.12189402553059,20.129556321863458,13456.771191,26,"complete","parallel-pattern-search-remaining","2026-08-02T14:54:54","2026-08-02T18:39:10"
"7.|1.::XX::2000000::0.6423642956307125|0.05418019210545175|2.6040262065394617|1.8963466287924327","XX-first-verification","7.|1.",7,1,"XX",2000000,"{0.6423642956307125, 0.05418019210545175, 2.6040262065394617, 1.8963466287924327}","0.6423642956307125|0.05418019210545175|2.6040262065394617|1.8963466287924327",0.001108588230501784,-0.0049484535722112925,,-4.463743557850562,0.013213780836381523,24.74063817863761,20.276894620787047,13468.8091984,19,"complete","parallel-pattern-search-remaining","2026-08-02T14:54:45","2026-08-02T18:39:14"
"10.|1.::XX::2000000::0.6423642956307125|0.05418019210545175|3.0569003294158894|1.8963466287924327","XX-first-verification","10.|1.",10,1,"XX",2000000,"{0.6423642956307125, 0.05418019210545175, 3.0569003294158894, 1.8963466287924327}","0.6423642956307125|0.05418019210545175|3.0569003294158894|1.8963466287924327",0.000830325398648572,-0.0033457621214948385,,-4.029458965051969,0.013836008003821927,24.12189402553059,20.09243506047862,13457.976019599999,23,"complete","parallel-pattern-search-remaining","2026-08-02T14:55:32","2026-08-02T18:39:50"
"5.|0.5::XX::1000000::0.7556943737557128|0.21332841922907436|2.2681865820703546|2.3827235819174315","XX-directional-refinement","5.|0.5",5,0.5,"XX",1000000,"{0.7556943737557128, 0.21332841922907436, 2.2681865820703546, 2.3827235819174315}","0.7556943737557128|0.21332841922907436|2.2681865820703546|2.3827235819174315",0.0005978275395406546,-0.004077044170835427,,-6.819766406157962,0.02474015817631955,96.48757610212236,89.6678096959644,10090.2418555,19,"complete","parallel-pattern-search-remaining","2026-08-02T18:39:51","2026-08-02T21:28:01"
"5.|0.5::XX::1000000::0.7556943737557128|0.18666236682544007|2.3712859721644617|2.3827235819174315","XX-directional-refinement","5.|0.5",5,0.5,"XX",1000000,"{0.7556943737557128, 0.18666236682544007, 2.3712859721644617, 2.3827235819174315}","0.7556943737557128|0.18666236682544007|2.3712859721644617|2.3827235819174315",0.0006394111017836251,-0.004359869476925116,,-6.8185701886678896,0.023895697658187567,96.48757610212236,89.66900591345447,10108.426242099998,21,"complete","parallel-pattern-search-remaining","2026-08-02T18:39:51","2026-08-02T21:28:19"
"5.|1.5::XX::1000000::0.6077939831307123|0.014089211802105614|2.858881236727677|1.953280222542432","XX-directional-refinement","5.|1.5",5,1.5,"XX",1000000,"{0.6077939831307123, 0.014089211802105614, 2.858881236727677, 1.953280222542432}","0.6077939831307123|0.014089211802105614|2.858881236727677|1.953280222542432",0.0013732099194966037,-0.005474270971090924,,-3.986477881763119,0.015648076577358755,12.004162995568894,8.017685113805776,10131.5644525,23,"complete","parallel-pattern-search-remaining","2026-08-02T18:39:51","2026-08-02T21:28:42"
"5.|2.::XX::1000000::0.5874814831307124|0.020584384475523715|3.0205999867276767|1.8743739725424318","XX-directional-refinement","5.|2.",5,2,"XX",1000000,"{0.5874814831307124, 0.020584384475523715, 3.0205999867276767, 1.8743739725424318}","0.5874814831307124|0.020584384475523715|3.0205999867276767|1.8743739725424318",0.0012531270558525556,-0.004305812328281898,,-3.4360540762185297,0.014854186737665285,7.11327577431993,3.6772216981014,10134.6245659,26,"complete","parallel-pattern-search-remaining","2026-08-02T18:39:51","2026-08-02T21:28:45"
"5.|1.5::XX::1000000::0.6077939831307123|0.004089211802105613|2.74452598725857|1.953280222542432","XX-directional-refinement","5.|1.5",5,1.5,"XX",1000000,"{0.6077939831307123, 0.004089211802105613, 2.74452598725857, 1.953280222542432}","0.6077939831307123|0.004089211802105613|2.74452598725857|1.953280222542432",0.0013442753533064104,-0.005361566902820453,,-3.9884439520765,0.015716756161655538,12.004162995568894,8.015719043492394,10137.022960799999,24,"complete","parallel-pattern-search-remaining","2026-08-02T18:39:51","2026-08-02T21:28:48"
"5.|0.5::XX::1000000::0.7556943737557128|0.21332841922907436|2.4743853622585688|2.3827235819174315","XX-directional-refinement","5.|0.5",5,0.5,"XX",1000000,"{0.7556943737557128, 0.21332841922907436, 2.4743853622585688, 2.3827235819174315}","0.7556943737557128|0.21332841922907436|2.4743853622585688|2.3827235819174315",0.0005731780886331797,-0.003874371540487983,,-6.75945507569374,0.023755588897730627,96.48757610212236,89.72812102642862,10168.8701783,20,"complete","parallel-pattern-search-remaining","2026-08-02T18:39:51","2026-08-02T21:29:20"
"5.|1.5::XX::1000000::0.6077939831307123|0.004089211802105613|2.9732364861967837|1.953280222542432","XX-directional-refinement","5.|1.5",5,1.5,"XX",1000000,"{0.6077939831307123, 0.004089211802105613, 2.9732364861967837, 1.953280222542432}","0.6077939831307123|0.004089211802105613|2.9732364861967837|1.953280222542432",0.00159623433039765,-0.006376131066314054,,-3.994483106202614,0.015370890806231151,12.004162995568894,8.00967988936628,10202.7602613,25,"complete","parallel-pattern-search-remaining","2026-08-02T18:39:51","2026-08-02T21:29:53"
"5.|0.5::XX::1000000::0.7556943737557128|0.23999447163270865|2.3712859721644617|2.3827235819174315","XX-directional-refinement","5.|0.5",5,0.5,"XX",1000000,"{0.7556943737557128, 0.23999447163270865, 2.3712859721644617, 2.3827235819174315}","0.7556943737557128|0.23999447163270865|2.3712859721644617|2.3827235819174315",0.0005330434050160039,-0.0036200402865280822,,-6.791267376095565,0.02473142391450303,96.48757610212236,89.6963087260268,10215.122751199999,22,"complete","parallel-pattern-search-remaining","2026-08-02T18:39:51","2026-08-02T21:30:06"
"5.|2.::XX::1000000::0.5874814831307124|0.010584384475523713|3.0205999867276767|1.78065527391531","XX-directional-refinement","5.|2.",5,2,"XX",1000000,"{0.5874814831307124, 0.010584384475523713, 3.0205999867276767, 1.78065527391531}","0.5874814831307124|0.010584384475523713|3.0205999867276767|1.78065527391531",0.001856019947411211,-0.006384488384426255,,-3.4398813403548716,0.01430611633923821,7.11327577431993,3.673394433965058,10193.7182261,19,"complete","parallel-pattern-search-remaining","2026-08-02T21:28:01","2026-08-03T00:17:55"
"5.|2.::XX::1000000::0.5874814831307124|0.010584384475523713|3.0205999867276767|1.9680926711695534","XX-directional-refinement","5.|2.",5,2,"XX",1000000,"{0.5874814831307124, 0.010584384475523713, 3.0205999867276767, 1.9680926711695534}","0.5874814831307124|0.010584384475523713|3.0205999867276767|1.9680926711695534",0.000978051865022567,-0.0033475934381102103,,-3.42271566348168,0.01513280544108874,7.11327577431993,3.6905601108382498,10220.562661799999,21,"complete","parallel-pattern-search-remaining","2026-08-02T21:28:19","2026-08-03T00:18:40"
"3.|1.::XX::1000000::0.6533017956307122|0.0633070356251368|2.5421820179776766|2.4136248977320536","XX-directional-refinement","3.|1.",3,1,"XX",1000000,"{0.6533017956307122, 0.0633070356251368, 2.5421820179776766, 2.4136248977320536}","0.6533017956307122|0.0633070356251368|2.5421820179776766|2.4136248977320536",0.000968258172190618,-0.005489310294928559,,-5.669263067007603,0.017571337217224044,27.490612192446577,21.821349125438974,10200.121526,26,"complete","parallel-pattern-search-remaining","2026-08-02T21:28:45","2026-08-03T00:18:45"
"3.|1.::XX::1000000::0.6533017956307122|0.0633070356251368|2.4404947372585695|2.2986903787924318","XX-directional-refinement","3.|1.",3,1,"XX",1000000,"{0.6533017956307122, 0.0633070356251368, 2.4404947372585695, 2.2986903787924318}","0.6533017956307122|0.0633070356251368|2.4404947372585695|2.2986903787924318",0.0012361100429480497,-0.006985978199427207,,-5.651582752912564,0.017352192789738444,27.490612192446577,21.839029439534013,10200.1676941,24,"complete","parallel-pattern-search-remaining","2026-08-02T21:28:48","2026-08-03T00:18:48"
"3.|1.::XX::1000000::0.6533017956307122|0.0633070356251368|2.5421820179776766|2.18375585985281","XX-directional-refinement","3.|1.",3,1,"XX",1000000,"{0.6533017956307122, 0.0633070356251368, 2.5421820179776766, 2.18375585985281}","0.6533017956307122|0.0633070356251368|2.5421820179776766|2.18375585985281",0.001600652467050146,-0.009052012958694363,,-5.655201953598574,0.01666544918011327,27.490612192446577,21.835410238848002,10242.1818252,23,"complete","parallel-pattern-search-remaining","2026-08-02T21:28:42","2026-08-03T00:19:24"
"3.|1.::XX::1000000::0.6533017956307122|0.0633070356251368|2.6438692986967838|2.2986903787924318","XX-directional-refinement","3.|1.",3,1,"XX",1000000,"{0.6533017956307122, 0.0633070356251368, 2.6438692986967838, 2.2986903787924318}","0.6533017956307122|0.0633070356251368|2.6438692986967838|2.2986903787924318",0.0012522223103299387,-0.007060013473258335,,-5.637987292686188,0.016808908188997843,27.490612192446577,21.85262489976039,10220.707945499998,20,"complete","parallel-pattern-search-remaining","2026-08-02T21:29:20","2026-08-03T00:19:40"
"7.|1.::XX::1000000::0.6423642956307125|0.05418019210545175|2.4908076758203546|1.8963466287924327","XX-directional-refinement","7.|1.",7,1,"XX",1000000,"{0.6423642956307125, 0.05418019210545175, 2.4908076758203546, 1.8963466287924327}","0.6423642956307125|0.05418019210545175|2.4908076758203546|1.8963466287924327",0.0010372937960611904,-0.004625880081057684,,-4.459565938428501,0.01913571379434928,24.74063817863761,20.28107224020911,10248.672504299999,25,"complete","parallel-pattern-search-remaining","2026-08-02T21:29:53","2026-08-03T00:20:42"
"7.|1.::XX::1000000::0.6423642956307125|0.05418019210545175|2.717244737258569|1.8963466287924327","XX-directional-refinement","7.|1.",7,1,"XX",1000000,"{0.6423642956307125, 0.05418019210545175, 2.717244737258569, 1.8963466287924327}","0.6423642956307125|0.05418019210545175|2.717244737258569|1.8963466287924327",0.0011844302092676932,-0.005307150345773781,,-4.480762398871162,0.018521446942601046,24.74063817863761,20.259875779766446,10299.2761082,22,"complete","parallel-pattern-search-remaining","2026-08-02T21:30:06","2026-08-03T00:21:45"
"7.|1.::XX::1000000::0.6423642956307125|0.044180192105451745|2.6040262065394617|1.8963466287924327","XX-directional-refinement","7.|1.",7,1,"XX",1000000,"{0.6423642956307125, 0.044180192105451745, 2.6040262065394617, 1.8963466287924327}","0.6423642956307125|0.044180192105451745|2.6040262065394617|1.8963466287924327",0.0011679464844748786,-0.005228522320250851,,-4.476679702154034,0.018634319804612814,24.74063817863761,20.263958476483577,8602.2447916,19,"complete","parallel-pattern-search-remaining","2026-08-03T00:17:55","2026-08-03T02:41:17"
"10.|1.::XX::1000000::0.6423642956307125|0.05418019210545175|3.1701188601349966|1.8963466287924327","XX-directional-refinement","10.|1.",10,1,"XX",1000000,"{0.6423642956307125, 0.05418019210545175, 3.1701188601349966, 1.8963466287924327}","0.6423642956307125|0.05418019210545175|3.1701188601349966|1.8963466287924327",0.0009216657375161307,-0.0037007892723859505,,-4.015326947445717,0.019286383270166896,24.12189402553059,20.106567078084872,8601.3876746,24,"complete","parallel-pattern-search-remaining","2026-08-03T00:18:48","2026-08-03T02:42:09"
"7.|1.::XX::1000000::0.6423642956307125|0.06418019210545174|2.6040262065394617|1.8963466287924327","XX-directional-refinement","7.|1.",7,1,"XX",1000000,"{0.6423642956307125, 0.06418019210545174, 2.6040262065394617, 1.8963466287924327}","0.6423642956307125|0.06418019210545174|2.6040262065394617|1.8963466287924327",0.0010493879124536755,-0.0046752577896910985,,-4.455223596734048,0.018901070100236134,24.74063817863761,20.285414581903563,8632.1575549,21,"complete","parallel-pattern-search-remaining","2026-08-03T00:18:40","2026-08-03T02:42:32"
"10.|1.::XX::1000000::0.6423642956307125|0.05418019210545175|2.9436817986967823|1.8963466287924327","XX-directional-refinement","10.|1.",10,1,"XX",1000000,"{0.6423642956307125, 0.05418019210545175, 2.9436817986967823, 1.8963466287924327}","0.6423642956307125|0.05418019210545175|2.9436817986967823|1.8963466287924327",0.0007530140708724422,-0.003009002441956706,,-3.995944509337621,0.019885567545215293,24.12189402553059,20.125949516192968,8626.9695381,26,"complete","parallel-pattern-search-remaining","2026-08-03T00:18:45","2026-08-03T02:42:32"
"10.|1.::XX::1000000::0.6423642956307125|0.06418019210545174|3.0569003294158894|1.8963466287924327","XX-directional-refinement","10.|1.",10,1,"XX",1000000,"{0.6423642956307125, 0.06418019210545174, 3.0569003294158894, 1.8963466287924327}","0.6423642956307125|0.06418019210545174|3.0569003294158894|1.8963466287924327",0.0007812384807550383,-0.0031214829613793477,,-3.9955571035908894,0.01967021317549712,24.12189402553059,20.1263369219397,8594.1734704,20,"complete","parallel-pattern-search-remaining","2026-08-03T00:19:40","2026-08-03T02:42:54"
"10.|1.::XX::1000000::0.6423642956307125|0.044180192105451745|3.0569003294158894|1.8963466287924327","XX-directional-refinement","10.|1.",10,1,"XX",1000000,"{0.6423642956307125, 0.044180192105451745, 3.0569003294158894, 1.8963466287924327}","0.6423642956307125|0.044180192105451745|3.0569003294158894|1.8963466287924327",0.0008847096158764545,-0.0035585853692905256,,-4.022320211547768,0.019335261841965237,24.12189402553059,20.099573813982822,8614.8183793,23,"complete","parallel-pattern-search-remaining","2026-08-03T00:19:25","2026-08-03T02:42:59"
"5.|0.5::XX::2000000::0.7556943737557128|0.21332841922907436|2.2681865820703546|2.3827235819174315","XX-final-verification","5.|0.5",5,0.5,"XX",2000000,"{0.7556943737557128, 0.21332841922907436, 2.2681865820703546, 2.3827235819174315}","0.7556943737557128|0.21332841922907436|2.2681865820703546|2.3827235819174315",0.0005988869685244506,-0.004093779623197878,,-6.835646521553495,0.017528545441012972,96.48757610212236,89.65192958056886,11440.4094121,19,"complete","parallel-pattern-search-remaining","2026-08-03T02:43:00","2026-08-03T05:53:41"
"3.|1.::XX::2000000::0.6533017956307122|0.0633070356251368|2.5421820179776766|2.4136248977320536","XX-final-verification","3.|1.",3,1,"XX",2000000,"{0.6533017956307122, 0.0633070356251368, 2.5421820179776766, 2.4136248977320536}","0.6533017956307122|0.0633070356251368|2.5421820179776766|2.4136248977320536",0.0009684831251829902,-0.005487061143414338,,-5.665623902716514,0.0124113657207978,27.490612192446577,21.82498828973006,11464.075862099999,20,"complete","parallel-pattern-search-remaining","2026-08-03T02:43:00","2026-08-03T05:54:04"
"7.|1.::XX::2000000::0.6423642956307125|0.05418019210545175|2.717244737258569|1.8963466287924327","XX-final-verification","7.|1.",7,1,"XX",2000000,"{0.6423642956307125, 0.05418019210545175, 2.717244737258569, 1.8963466287924327}","0.6423642956307125|0.05418019210545175|2.717244737258569|1.8963466287924327",0.0011860951519165601,-0.005315441256198842,,-4.481462762586837,0.013074280170974234,24.74063817863761,20.259175416050773,11469.8501592,21,"complete","parallel-pattern-search-remaining","2026-08-03T02:43:00","2026-08-03T05:54:10"
